{"cameraMode":{"drawMode":0,"name":"Shaded","section":"Shading Mode"},"sceneLighting":true,"audioPlay":false,"sceneViewState":{"m_AlwaysRefresh":false,"showFog":true,"showSkybox":true,"showFlares":true,"showImageEffects":true,"showParticleSystems":true,"showVisualEffectGraphs":true,"m_FxEnabled":true},"in2DMode":false,"pivot":{"x":1003.0492553710938,"y":563.0978393554688,"z":8.3763427734375},"rotation":{"x":0.012307478114962578,"y":-0.014375108294188977,"z":0.00017341085185762495,"w":0.9998387694358826},"size":541.4432983398438,"orthographic":false}