{"cameraMode":{"drawMode":0,"name":"Shaded","section":"Shading Mode"},"sceneLighting":true,"audioPlay":false,"sceneViewState":{"m_AlwaysRefresh":false,"showFog":true,"showSkybox":true,"showFlares":true,"showImageEffects":true,"showParticleSystems":true,"showVisualEffectGraphs":true,"m_FxEnabled":true},"in2DMode":false,"pivot":{"x":933.3717041015625,"y":627.8701782226563,"z":-976.780029296875},"rotation":{"x":0.038999225944280627,"y":0.005107006058096886,"z":-0.00019993098976556212,"w":0.9992323517799377},"size":24.30481719970703,"orthographic":false}