{"cameraMode":{"drawMode":0,"name":"Shaded","section":"Shading Mode"},"sceneLighting":true,"audioPlay":false,"sceneViewState":{"m_AlwaysRefresh":false,"showFog":true,"showSkybox":true,"showFlares":true,"showImageEffects":true,"showParticleSystems":true,"showVisualEffectGraphs":true,"m_FxEnabled":true},"in2DMode":false,"pivot":{"x":983.9794311523438,"y":681.1174926757813,"z":-684.3575439453125},"rotation":{"x":-0.025796744972467424,"y":0.02758427895605564,"z":-0.00071347551420331,"w":-0.9992910027503967},"size":227.94837951660157,"orthographic":false}