{"cameraMode":{"drawMode":0,"name":"Shaded","section":"Shading Mode"},"sceneLighting":true,"audioPlay":false,"sceneViewState":{"m_AlwaysRefresh":false,"showFog":true,"showSkybox":true,"showFlares":true,"showImageEffects":true,"showParticleSystems":true,"showVisualEffectGraphs":true,"m_FxEnabled":true},"in2DMode":false,"pivot":{"x":269.94708251953127,"y":796.5723266601563,"z":41.089691162109378},"rotation":{"x":0.029103383421897889,"y":0.010818679817020893,"z":-0.00032050927984528244,"w":0.9995397925376892},"size":514.8116455078125,"orthographic":false}